<?xml version="1.0" encoding="UTF-8" standalone="yes"?>
<psExtension xmlns="http://www.powerschool.com" xmlns:xsi="http://www.w3.org/2001/XMLSchema-instance" xsi:schemaLocation="http://powerschool.com psextension.xsd">
    <extensionname>U_SPED</extensionname>
    <extendedTable coreTable="STUDENTS" dbTableName="U_SPED_STUDENTS" comment="">
        <field name="counselor" type="integer" />
        <field name="spediep_active" type="boolean" />
        <field name="spediep_pending" type="boolean"  />
        <field name="slp_informal" type="boolean" />
        <field name="spediep_private" type="boolean"  />
        <field name="handicap1" type="string" length="10"/>
        <field name="handicap2" type="string" length="10"/>
        <field name="students_case_manager" type="string" length="50" />
        <field name="students_related_service_case" type="string" length="50" />
        <field name="spediep_current_date" type="date" />
        <field name="erm_current_date" type="date" />
        <field name="prek_category" type="string" length="10" />
        <field name="alert_iep" type="string" length="4000" populatesFrom="alert_iep"/>
        <field name="OM" type="boolean" description="Field to mark Orientation and Mobility services for seeing impaired students." />
        <field name="initials" type="string" length="10" populatesFrom="student_initials"/>
    </extendedTable>
    <extendedTable coreTable="USERS" dbTableName="U_SPED_USERS" comment="">
        <field name="related_service_case_manager" type="boolean" />
        <field name="case_manager" type="boolean" />
    </extendedTable>
</psExtension>