<?xml version="1.0" encoding="UTF-8"?>
<queries>
    <query
        name="org.helenaschools.hsd_sped.socialService.handicaps"
        coreTable="CODESET"
        flattened="true">
        <columns>
            <column>Code</column>
            <column >DISPLAYVALUE</column>
            
        </columns>
        <sql>
            <![CDATA[
                select 
                    code,
                    displayvalue
                from codeset 
                where parentcodesetid=(select codesetid from codeset where codetype='SPED' and code='Handicaps') 
            ]]>
        </sql>
    </query>
    
    <query
        name="org.helenaschools.hsd_sped.socialService.caseManagers"
        flattened="true"
        >
        <columns>
            <column column="users.dcid">dcid</column>
            <column column="users.lastfirst">lastfirst</column>
            <column column="U_SPED_USERS.Case_manager">case_manager</column>
            <column column="U_SPED_USERS.related_service_Case_manager">related_service_Case_manager</column>
        </columns>
        <sql>
            <![CDATA[
                select
                    to_char(users.dcid) as dcid,
                    users.lastfirst,
                    usped.case_manager,
                    usped.related_service_case_manager
                from U_SPED_USERS usped
                    inner join users on usped.usersdcid=users.dcid
                where usped.case_manager=1 or usped.related_service_case_manager=1
                order by users.lastfirst
            ]]>
        </sql>
    </query>
    <query
        name="org.helenaschools.hsd_sped.socialService.prekCategories"
        coreTable="CODESET"
        flattened="true">
        <columns>
            <column>Code</column>
            <column >DISPLAYVALUE</column>
            
        </columns>
        <sql>
            <![CDATA[
                select 
                    code,
                    displayvalue
                from codeset 
                where parentcodesetid=(select codesetid from codeset where codetype='SPED' and code='PrekCategories') 
            ]]>
        </sql>
    </query>
    <query
        name="org.helenaschools.hsd_sped.socialService.studentSocialServiceInfo"
        coreTable="U_SPED_Students"
        flattened="true">
        <args>
            <arg
                name="studentid"
                required="true"
                default="~(curstudentid)"
                />
        </args>
        <columns>
            <column >U_SPED_Students.handicap1</column>
            <column >U_SPED_Students.handicap2</column>
            <column column="U_SPED_Students.students_case_Manager">case_manager</column>
            <column column="U_SPED_Students.students_related_service_case">related_service_case_manager</column>
            <column >U_SPED_Students.prek_category</column>
        </columns>
        <sql>
            <![CDATA[
                select 
                    handicap1,
                    handicap2,
                    students_case_manager,
                    students_related_service_case,
                    prek_category 
                from u_sped_students
                    where studentsdcid=(select dcid from students where id=:studentid)
            ]]>
        </sql>
    </query>
    <query name="org.helenaschools.hsd_sped.teachers.spedAlert"
        flattened="true"
        >
        <args>
            <arg    
                name="periodid"
                required="true"
                default="~(gpv.period_id)"
                />
            <arg   
                name="sectionid"
                required="true"
                default="~(gpv.sectionId)"
                />
        </args>
        <columns>
            <column column="students.lastfirst">lastfirst</column>
            <column column="students.dcid">dcid</column>
            <column column="students.id">id</column>
        </columns>
        <sql>
            <![CDATA[
                Select distinct
                    s.lastfirst,
                    s.dcid,
                    s.id
                from PERIOD p
                    inner join SECTION_MEETING sm on sm.SchoolID = p.SchoolID and sm.year_id = p.year_id and sm.period_number = p.period_number
                    inner join SECTIONS se on se.id = sm.SectionID
                    inner join CC on CC.SectionID = se.id
                    inner join STUDENTS s on s.ID = CC.StudentID
                    inner join s_mt_stu_programs_x mt on mt.studentsdcid=s.dcid
                where p.ID = :periodid and sm.sectionid = :sectionid and (mt.is504=1 or mt.spedstatus=1)
                order by s.lastfirst
            ]]>
        </sql>
    </query>
</queries>