<?xml version="1.0" encoding="UTF-8"?>
<permission_mappings>
    <permission name="/admin/students/socialservice.html">
        <implies allow="post">/ws/schema/query/org.helenaschools.hsd_sped.socialService.handicaps</implies>
        <implies allow="post">/ws/schema/query/org.helenaschools.hsd_sped.socialService.caseManagers</implies>
        <implies allow="post">/ws/schema/query/org.helenaschools.hsd_sped.socialService.prekCategories</implies>
        <implies allow="post">/ws/schema/query/org.helenaschools.hsd_sped.socialService.studentSocialServiceInfo</implies>
        

    </permission>
    <permission name="/teachers/home.html">
        <implies allow="post">/ws/schema/query/org.helenaschools.hsd_sped.teachers.spedAlert</implies>
    </permission>
</permission_mappings>